Risk Ref,Risk Title,Description,Likelihood Score,Impact Score,Risk Score,Risk Category,Risk Owner,Business Unit,Assessed By,Assessment Date,Response,Existing Controls,Freq Min (per yr),Freq Max (per yr),Loss Min (GBP),Loss Max (GBP)
RR-001,Ransomware encrypts a production file estate,An operator gains domain privilege from an unpatched edge device and encrypts shared storage across the estate.,2,5,10,Ransomware,Head of Payments Operations,Corporate IT,R. Delacroix,2025-03-04,Mitigate,EDR on servers; offline backups tested quarterly; network segmentation between zones.,0.039,0.23,30865500,3968500
RR-002,Ransomware encrypts a production file estate,An operator gains domain privilege from an unpatched edge device and encrypts shared storage across the estate.,2,5,10,Ransomware,Head of Payments Operations,Retail Banking,A. Okafor,2025-07-09,Mitigate,EDR on servers; offline backups tested quarterly; network segmentation between zones.,0.022,0.13,3563500,27716500
RR-003,Ransomware encrypts a production file estate,An operator gains domain privilege from an unpatched edge device and encrypts shared storage across the estate.,1,5,5,Ransomware,Head of Technology Risk,Platform Engineering,J. Lindqvist,2025-06-09,Mitigate,EDR on servers; offline backups tested quarterly; network segmentation between zones.,0.043,0.26,3419500,26597500
RR-004,Ransomware encrypts a production file estate,An operator gains domain privilege from an unpatched edge device and encrypts shared storage across the estate.,2,5,10,Ransomware,Data Protection Officer,Payments,M. Reyes,2025-04-04,Mitigate,EDR on servers; offline backups tested quarterly; network segmentation between zones.,0.041,0.25,4267500,33192000
RR-005,Ransomware encrypts a production file estate,An operator gains domain privilege from an unpatched edge device and encrypts shared storage across the estate.,3,5,9,Ransomware,Head of Customer Operations,Digital Channels,S. Banerjee,2025-05-15,Mitigate,EDR on servers; offline backups tested quarterly; network segmentation between zones.,0.026,0.15,1949500,15163500
RR-006,Ransomware in a managed service provider reaches our tenancy,A provider with standing access is compromised and the intrusion follows the trust path inward.,3,5,15,Ransomware,Group Head of Fraud,Corporate IT,A. Okafor,2025-04-10,Mitigate,Provider access reviewed annually; no standing admin on production.,,,,
RR-007,Ransomware in a managed service provider reaches our tenancy,A provider with standing access is compromised and the intrusion follows the trust path inward.,2,4,8,Ransomware,Chief Information Security Officer,Customer Operations,R. Delacroix,2025-07-10,Mitigate,Provider access reviewed annually; no standing admin on production.,,,,
RR-008,Ransomware in a managed service provider reaches our tenancy,A provider with standing access is compromised and the intrusion follows the trust path inward.,3,4,12,Ransomware,Data Protection Officer,Retail Banking,,2025-01-25,Mitigate,Provider access reviewed annually; no standing admin on production.,,,,
RR-009,Ransomware in a managed service provider reaches our tenancy,A provider with standing access is compromised and the intrusion follows the trust path inward.,3,4,12,Ransomware,Director of Engineering,Digital Channels,A. Okafor,2025-07-18,Mitigate,Provider access reviewed annually; no standing admin on production.,,,,
RR-010,Backup repository encrypted alongside primary storage,Backups reachable from the same identity plane as the systems they protect.,1,5,5,Ransomware,Director of Engineering,Platform Engineering,J. Lindqvist,25/03/2025,Mitigate,Immutable snapshots on the primary tier only.,,,,
RR-011,Backup repository encrypted alongside primary storage,Backups reachable from the same identity plane as the systems they protect.,1,5,5,Ransomware,Head of Infrastructure,Data Platform,T. Novak,2025-06-05,Mitigate,Immutable snapshots on the primary tier only.,,,,
RR-012,Backup repository encrypted alongside primary storage,Backups reachable from the same identity plane as the systems they protect.,2,,10,Ransomware,Director of Engineering,Corporate IT,R. Delacroix,2025-06-09,Mitigate,Immutable snapshots on the primary tier only.,,,,
RR-013,Privileged identity compromise in the cloud control plane,A long-lived administrative principal is used from an unrecognised location and creates further principals.,1,5,5,Identity & access,Group Head of Fraud,Platform Engineering,J. Lindqvist,05/08/2025,Mitigate,Hardware MFA for admins; 90-day credential rotation; break-glass audited.,0.16,0.97,1042000,8103500
RR-014,Privileged identity compromise in the cloud control plane,A long-lived administrative principal is used from an unrecognised location and creates further principals.,4,5,20,Identity & access,Head of Customer Operations,Group Security,A. Okafor,2025-02-06,Mitigate,Hardware MFA for admins; 90-day credential rotation; break-glass audited.,0.15,,2288500,17800000
RR-015,Privileged identity compromise in the cloud control plane,A long-lived administrative principal is used from an unrecognised location and creates further principals.,5,5,25,Identity & access,Head of Technology Risk,Data Platform,A. Okafor,2025-03-06,Mitigate,Hardware MFA for admins; 90-day credential rotation; break-glass audited.,0.11,0.68,1532500,11920500
RR-016,Privileged identity compromise in the cloud control plane,A long-lived administrative principal is used from an unrecognised location and creates further principals.,2,5,8.5,Identity & access,Data Protection Officer,Payments,M. Reyes,2025-03-01,Mitigate,Hardware MFA for admins; 90-day credential rotation; break-glass audited.,0.039,0.24,760000,5911000
RR-017,Privileged identity compromise in the cloud control plane,A long-lived administrative principal is used from an unrecognised location and creates further principals.,4,5,20,Identity & access,Head of Payments Operations,Corporate IT,R. Delacroix,2025-03-02,Mitigate,Hardware MFA for admins; 90-day credential rotation; break-glass audited.,0.18,1.1,1882500,14641000
RR-018,Joiner-mover-leaver failure leaves access after departure,Access is not revoked on departure because the leaver process depends on a manual ticket.,5,2,10,Identity & access,Chief Information Security Officer,Corporate IT,A. Okafor,2025-07-23,Mitigate,Quarterly access recertification.,3.4,15,5000,59000
RR-019,Joiner-mover-leaver failure leaves access after departure,Access is not revoked on departure because the leaver process depends on a manual ticket.,5,2,10,Identity & access,Chief Information Security Officer,Customer Operations,A. Okafor,2025-05-17,Mitigate,Quarterly access recertification.,2.5,11,6500,73000
RR-020,Joiner-mover-leaver failure leaves access after departure,Access is not revoked on departure because the leaver process depends on a manual ticket.,4,2,8,Identity & access,Data Protection Officer,Retail Banking,S. Banerjee,Q2 2025,Mitigate,Quarterly access recertification.,2.9,13,9500,104000
RR-021,Joiner-mover-leaver failure leaves access after departure,Access is not revoked on departure because the leaver process depends on a manual ticket.,4,2,8,Identity & access,Data Protection Officer,Digital Channels,S. Banerjee,2025-09-10,Mitigate,Quarterly access recertification.,1.6,7.1,9000,99000
RR-022,Joiner-mover-leaver failure leaves access after departure,Access is not revoked on departure because the leaver process depends on a manual ticket.,4,2,8,Identity & access,Director of Engineering,Payments,M. Reyes,2025-08-11,Mitigate,Quarterly access recertification.,1,4.5,9000,99500
RR-023,Joiner-mover-leaver failure leaves access after departure,Access is not revoked on departure because the leaver process depends on a manual ticket.,4,3,12,Identity & access,Group Head of Fraud,Data Platform,T. Novak,2025-08-27,Mitigate,Quarterly access recertification.,1.3,6.1,3000,31000
RR-024,Federated single sign-on trust misconfiguration,A relying party accepts assertions from an issuer that should not be trusted for it.,4,4,10,Identity & access,Data Protection Officer,Digital Channels,A. Okafor,2025-05-02,Mitigate,Change review on federation metadata.,,,,
RR-025,Federated single sign-on trust misconfiguration,A relying party accepts assertions from an issuer that should not be trusted for it.,4,5,20,Identity & access,Head of Infrastructure,Group Security,A. Okafor,2025-04-12,Mitigate,Change review on federation metadata.,,,,
RR-026,Federated single sign-on trust misconfiguration,A relying party accepts assertions from an issuer that should not be trusted for it.,2,4,8,Identity & access,Head of Customer Operations,Corporate IT,R. Delacroix,2025-07-27,Mitigate,Change review on federation metadata.,,,,
RR-027,Federated single sign-on trust misconfiguration,A relying party accepts assertions from an issuer that should not be trusted for it.,2,4,8,Identity & access,Group Head of Fraud,Retail Banking,S. Banerjee,21/05/2025,Mitigate,Change review on federation metadata.,,,,
RR-028,Service account with no owner retains production write access,An account created for a migration is still live and is not attributable to anyone.,7,3,15,Identity & access,Director of Engineering,Platform Engineering,A. Okafor,2025-02-09,Mitigate,None recorded.,,,,
RR-029,Service account with no owner retains production write access,An account created for a migration is still live and is not attributable to anyone.,4,4,16,Identity & access,Head of Infrastructure,Data Platform,T. Novak,15/08/2025,Mitigate,None recorded.,,,,
RR-030,Service account with no owner retains production write access,An account created for a migration is still live and is not attributable to anyone.,4,4,16,Identity & access,Group Head of Fraud,Corporate IT,R. Delacroix,2025-03-24,Mitigate,None recorded.,,,,
RR-031,Service account with no owner retains production write access,An account created for a migration is still live and is not attributable to anyone.,3,3,9,Identity & access,Head of Customer Operations,Digital Channels,S. Banerjee,2025-07-03,Mitigate,None recorded.,,,,
RR-032,Service account with no owner retains production write access,An account created for a migration is still live and is not attributable to anyone.,4,3,12,Identity & access,Head of Infrastructure,Payments,A. Okafor,2025-04-03,Mitigate,None recorded.,,,,
RR-033,Object storage bucket exposed to the public internet,A bucket policy is widened during an incident and not narrowed afterwards.,3,5,15,Cloud configuration,Director of Engineering,Data Platform,T. Novak,03/09/2025,Mitigate,Preventive policy in two of five accounts; daily posture scan.,0.65,4.1,88500,1327000
RR-034,Object storage bucket exposed to the public internet,A bucket policy is widened during an incident and not narrowed afterwards.,2,4,8,Cloud configuration,Data Protection Officer,Platform Engineering,,07/07/2025,Mitigate,Preventive policy in two of five accounts; daily posture scan.,0.88,5.5,89500,1339500
RR-035,Object storage bucket exposed to the public internet,A bucket policy is widened during an incident and not narrowed afterwards.,3,5,15,Cloud configuration,Head of Infrastructure,Digital Channels,S. Banerjee,2025-07-11,Mitigate,Preventive policy in two of five accounts; daily posture scan.,0.26,1.6,99500,1489500
RR-036,Object storage bucket exposed to the public internet,A bucket policy is widened during an incident and not narrowed afterwards.,3,4,12,Cloud configuration,Head of Technology Risk,Customer Operations,R. Delacroix,2025-09-28,Mitigate,Preventive policy in two of five accounts; daily posture scan.,0.86,5.4,98000,1467500
RR-037,Security group opens a database port to the whole internet,A troubleshooting rule is applied directly in the console and outlives its purpose.,1,4,4,Cloud configuration,Head of Customer Operations,Platform Engineering,J. Lindqvist,27/05/2025,Mitigate,Drift detection on the production account only.,,,,
RR-038,Security group opens a database port to the whole internet,A troubleshooting rule is applied directly in the console and outlives its purpose.,2,5,10,Cloud configuration,Head of Infrastructure,Data Platform,T. Novak,2025-04-27,Mitigate,Drift detection on the production account only.,,,,
RR-039,Security group opens a database port to the whole internet,A troubleshooting rule is applied directly in the console and outlives its purpose.,3,N/A,12,Cloud configuration,Head of Infrastructure,Digital Channels,S. Banerjee,2025-09-27,Mitigate,Drift detection on the production account only.,,,,
RR-040,Security group opens a database port to the whole internet,A troubleshooting rule is applied directly in the console and outlives its purpose.,3,5,15,Cloud configuration,Group Head of Fraud,Corporate IT,R. Delacroix,2025-06-25,Mitigate,Drift detection on the production account only.,,,,
RR-041,Infrastructure-as-code pipeline deploys an unreviewed module,A third-party module version is pinned by tag rather than digest and the tag moves.,2,3,6,Cloud configuration,Head of Infrastructure,Platform Engineering,J. Lindqvist,18/01/2025,Mitigate,Plan review on production changes.,,,,
RR-042,Infrastructure-as-code pipeline deploys an unreviewed module,A third-party module version is pinned by tag rather than digest and the tag moves.,3,4,12,Cloud configuration,Head of Payments Operations,Digital Channels,S. Banerjee,2025-07-14,Mitigate,Plan review on production changes.,,,,
RR-043,Infrastructure-as-code pipeline deploys an unreviewed module,A third-party module version is pinned by tag rather than digest and the tag moves.,3,5,15,Cloud configuration,Head of Infrastructure,Data Platform,T. Novak,2025-07-26,Mitigate,Plan review on production changes.,,,,
RR-044,Key management policy permits decryption from outside the workload,A key policy grants decrypt to a role reachable from a lower-trust account.,3,5,15,Cloud configuration,Head of Payments Operations,Data Platform,T. Novak,2025-04-18,Mitigate,Annual key policy review.,,,,
RR-045,Key management policy permits decryption from outside the workload,A key policy grants decrypt to a role reachable from a lower-trust account.,2,5,6,Cloud configuration,Head of Customer Operations,Group Security,A. Okafor,20/05/2025,Mitigate,Annual key policy review.,,,,
RR-046,Key management policy permits decryption from outside the workload,A key policy grants decrypt to a role reachable from a lower-trust account.,1,4,4,Cloud configuration,Group Head of Fraud,Platform Engineering,J. Lindqvist,2025-08-13,Mitigate,Annual key policy review.,,,,
RR-047,Bulk customer record extraction through a reporting interface,A reporting endpoint permits unbounded exports and is used at a rate no human workflow requires.,4,,20,Data exfiltration,Data Protection Officer,Data Platform,T. Novak,17/05/2025,Mitigate,Rate limits on the public API; no limit on the internal reporting path.,0.57,3.4,522500,5016000
RR-048,Bulk customer record extraction through a reporting interface,A reporting endpoint permits unbounded exports and is used at a rate no human workflow requires.,3,4,12,Data exfiltration,Chief Information Security Officer,Customer Operations,A. Okafor,2025-01-14,Mitigate,Rate limits on the public API; no limit on the internal reporting path.,0.43,2.6,383000,3676500
RR-049,Bulk customer record extraction through a reporting interface,A reporting endpoint permits unbounded exports and is used at a rate no human workflow requires.,3,4,12,Data exfiltration,Data Protection Officer,Retail Banking,S. Banerjee,2025-05-08,Mitigate,Rate limits on the public API; no limit on the internal reporting path.,0.58,3.5,436500,4190000
RR-050,Bulk customer record extraction through a reporting interface,A reporting endpoint permits unbounded exports and is used at a rate no human workflow requires.,3,5,15,Data exfiltration,Head of Payments Operations,Digital Channels,S. Banerjee,2025-03-21,Mitigate,Rate limits on the public API; no limit on the internal reporting path.,0.58,3.5,162500,1558500
RR-051,Regulated data copied into a non-production environment,Production data is used to reproduce a defect and is not removed afterwards.,4,4,16,Data exfiltration,Data Protection Officer,Data Platform,T. Novak,2025-04-28,Mitigate,Masking available but optional.,1.4,5.5,32000,255500
RR-052,Regulated data copied into a non-production environment,Production data is used to reproduce a defect and is not removed afterwards.,4,3,12,Data exfiltration,Chief Information Security Officer,Platform Engineering,J. Lindqvist,2025-06-24,Mitigate,Masking available but optional.,3.6,14,31500,253000
RR-052,Regulated data copied into a non-production environment,Production data is used to reproduce a defect and is not removed afterwards.,3,3,9,Data exfiltration,Group Head of Fraud,Digital Channels,S. Banerjee,2025-08-11,Mitigate,Masking available but optional.,5.2,21,18500,148000
RR-054,Regulated data copied into a non-production environment,Production data is used to reproduce a defect and is not removed afterwards.,3,3,9,Data exfiltration,Head of Payments Operations,Retail Banking,S. Banerjee,2025-03-05,Mitigate,Masking available but optional.,2.5,10,13000,106000
RR-055,Departing employee takes a customer list,A sales contact export is taken in the notice period.,3,2,6,Data exfiltration,Head of Payments Operations,Retail Banking,S. Banerjee,2025-02-08,Mitigate,DLP alerting on email; no control on personal cloud storage.,,,,
RR-056,Departing employee takes a customer list,A sales contact export is taken in the notice period.,5,2,10,Data exfiltration,Head of Payments Operations,Customer Operations,A. Okafor,2025-01-13,Mitigate,DLP alerting on email; no control on personal cloud storage.,,,,
RR-057,Critical supplier suffers a breach affecting shared data,A processor holding customer records is compromised.,4,5,20,Third party,Head of Customer Operations,Customer Operations,A. Okafor,2025-02-20,Transfer,Contractual notification within 24 hours; annual assurance questionnaire.,0.63,2.8,199500,2658500
RR-058,Critical supplier suffers a breach affecting shared data,A processor holding customer records is compromised.,5,4,20,Third party,Head of Technology Risk,Retail Banking,A. Okafor,2025-09-22,Transfer,Contractual notification within 24 hours; annual assurance questionnaire.,0.3,1.3,191000,2546500
RR-059,Critical supplier suffers a breach affecting shared data,A processor holding customer records is compromised.,3,5,15,Third party,Director of Engineering,Group Security,,2025-04-07,Transfer,Contractual notification within 24 hours; annual assurance questionnaire.,0.63,2.8,148500,1982500
RR-060,Critical supplier suffers a breach affecting shared data,A processor holding customer records is compromised.,3,4,12,Third party,Director of Engineering,Payments,M. Reyes,2025-09-19,Transfer,Contractual notification within 24 hours; annual assurance questionnaire.,0.6,2.6,261000,3477000
RR-061,Critical supplier suffers a breach affecting shared data,A processor holding customer records is compromised.,4,4,16,Third party,Data Protection Officer,Digital Channels,S. Banerjee,06/05/2025,Transfer,Contractual notification within 24 hours; annual assurance questionnaire.,1,4.5,230000,3066000
RR-062,Software supply chain compromise in a build dependency,A transitive dependency ships a malicious version that reaches the build.,4,4,16,Third party,Head of Customer Operations,Platform Engineering,A. Okafor,23/04/2025,Mitigate,Lockfiles; no provenance verification.,,,,
RR-063,Software supply chain compromise in a build dependency,A transitive dependency ships a malicious version that reaches the build.,1,4,4,Third party,Head of Technology Risk,Digital Channels,S. Banerjee,2025-08-25,Mitigate,Lockfiles; no provenance verification.,,,,
RR-064,Single-source provider fails with no contracted alternative,A niche provider in the payment path has no substitute inside the notice period.,,4,8,Third party,Data Protection Officer,Payments,M. Reyes,19/05/2025,Accept,None recorded.,,,,
RR-065,Offshore support centre loses access to case systems,A provider outage removes the ability to service customers for a working day.,3,2,6,Third party,Chief Information Security Officer,Customer Operations,R. Delacroix,2025-03-05,Mitigate,Second site contracted but untested.,,,,
RR-066,Credential stuffing against the payments API edge,Lists from unrelated breaches are replayed against the login path at a rate the edge absorbs.,3,4,12,API abuse,Head of Payments Operations,Payments,M. Reyes,2025-08-25,Mitigate,Velocity limits; bot scoring in monitor mode only.,3.2,9.5,102000,306000
RR-067,Credential stuffing against the payments API edge,Lists from unrelated breaches are replayed against the login path at a rate the edge absorbs.,5,3,15,API abuse,Chief Information Security Officer,Digital Channels,A. Okafor,2025-07-13,Mitigate,Velocity limits; bot scoring in monitor mode only.,2.8,8.3,165500,496000
RR-068,Credential stuffing against the payments API edge,Lists from unrelated breaches are replayed against the login path at a rate the edge absorbs.,3,3,5,API abuse,Head of Infrastructure,Retail Banking,S. Banerjee,2025-05-07,Mitigate,Velocity limits; bot scoring in monitor mode only.,4,12,140500,421500
RR-069,Enumeration of account identifiers through a public endpoint,Response differences allow valid identifiers to be discovered at scale.,4,2,8,API abuse,Head of Technology Risk,Digital Channels,S. Banerjee,2025-03-10,Mitigate,Uniform error responses on two of six endpoints.,,,,
RR-070,Enumeration of account identifiers through a public endpoint,Response differences allow valid identifiers to be discovered at scale.,5,3,15,API abuse,Head of Technology Risk,Payments,A. Okafor,2025-02-03,Mitigate,Uniform error responses on two of six endpoints.,,,,
RR-071,Business logic abuse of a refund workflow,A sequence of legitimate calls produces a refund without a matching debit.,4,3,12,API abuse,Data Protection Officer,Payments,M. Reyes,2025-07-07,Mitigate,Reconciliation daily; no preventive control.,1.7,5.6,40500,242000
RR-072,Business logic abuse of a refund workflow,A sequence of legitimate calls produces a refund without a matching debit.,4,3,12,API abuse,Head of Payments Operations,Retail Banking,S. Banerjee,2025-03-14,Mitigate,Reconciliation daily; no preventive control.,1.2,4.1,44500,267000
RR-073,Phishing yields a corporate mailbox,A consent-phishing page yields a session token for a staff mailbox.,5,2,10,Credential compromise,Data Protection Officer,Corporate IT,R. Delacroix,2025-07-07,Mitigate,Conditional access; phishing simulation quarterly.,3.9,20,6000,79500
RR-074,Phishing yields a corporate mailbox,A consent-phishing page yields a session token for a staff mailbox.,5,2,10,Credential compromise,Group Head of Fraud,Retail Banking,A. Okafor,2025-04-14,Mitigate,Conditional access; phishing simulation quarterly.,11,57,2500,32500
RR-075,Phishing yields a corporate mailbox,A consent-phishing page yields a session token for a staff mailbox.,6,2,10,Credential compromise,Chief Information Security Officer,Customer Operations,A. Okafor,2025-03-06,Mitigate,Conditional access; phishing simulation quarterly.,6.3,32,3500,48500
RR-076,Phishing yields a corporate mailbox,A consent-phishing page yields a session token for a staff mailbox.,5,2,10,Credential compromise,Group Head of Fraud,Digital Channels,S. Banerjee,07/06/2025,Mitigate,Conditional access; phishing simulation quarterly.,8.2,41,6000,82500
RR-077,Phishing yields a corporate mailbox,A consent-phishing page yields a session token for a staff mailbox.,5,2,10,Credential compromise,Head of Customer Operations,Payments,A. Okafor,2025-08-21,Mitigate,Conditional access; phishing simulation quarterly.,6.8,34,7500,101000
RR-078,Phishing yields a corporate mailbox,A consent-phishing page yields a session token for a staff mailbox.,5,3,15,Credential compromise,Head of Customer Operations,Platform Engineering,A. Okafor,2025-07-05,Mitigate,Conditional access; phishing simulation quarterly.,7.7,39,7500,101500
RR-079,Phishing yields a corporate mailbox,A consent-phishing page yields a session token for a staff mailbox.,5,3,15,Credential compromise,Head of Technology Risk,Group Security,A. Okafor,2025-09-20,Mitigate,Conditional access; phishing simulation quarterly.,11,57,3000,42000
RR-080,Phishing yields a corporate mailbox,A consent-phishing page yields a session token for a staff mailbox.,4,3,12,Credential compromise,Director of Engineering,Data Platform,T. Novak,2025-04-18,Mitigate,Conditional access; phishing simulation quarterly.,6.2,31,4500,63000
RR-081,Developer credential leaked in a public repository,A token is committed to a public repository and used before rotation.,3,3,9,Credential compromise,Head of Payments Operations,Platform Engineering,J. Lindqvist,2025-04-25,Mitigate,Secret scanning on push for the main organisation only.,1.2,4.8,13000,192500
RR-082,Developer credential leaked in a public repository,A token is committed to a public repository and used before rotation.,5,3,15,Credential compromise,Head of Technology Risk,Digital Channels,A. Okafor,2025-09-18,Mitigate,Secret scanning on push for the main organisation only.,1.5,6,36000,542000
RR-083,Session token theft through an unpatched browser extension,An extension with broad permissions exfiltrates session cookies.,3,4,12,Credential compromise,Head of Technology Risk,Corporate IT,A. Okafor,2025-02-20,Mitigate,Extension allowlist on managed devices.,,,,
RR-084,Regional cloud outage removes the primary payment path,A provider region becomes unavailable for several hours during a peak window.,1,4,4,Availability,Group Head of Fraud,Payments,M. Reyes,2025-07-02,Mitigate,Multi-zone within one region; cross-region failover untested.,0.22,1.1,397500,3181500
RR-085,Regional cloud outage removes the primary payment path,A provider region becomes unavailable for several hours during a peak window.,1,4,4,Availability,Chief Information Security Officer,Platform Engineering,J. Lindqvist,15th May,Mitigate,Multi-zone within one region; cross-region failover untested.,0.14,0.75,726000,5807500
RR-086,Certificate expiry takes a customer-facing service offline,A certificate outside the automated renewal path expires.,5,2,10,Availability,Head of Payments Operations,Digital Channels,A. Okafor,2025-02-24,Mitigate,Automated renewal for 80% of endpoints; alerting at 14 days.,0.62,2.5,16000,120000
RR-087,Certificate expiry takes a customer-facing service offline,A certificate outside the automated renewal path expires.,2,3,6,Availability,Chief Information Security Officer,Platform Engineering,J. Lindqvist,2025-03-02,Mitigate,Automated renewal for 80% of endpoints; alerting at 14 days.,0.88,3.5,8000,62000
RR-088,Certificate expiry takes a customer-facing service offline,A certificate outside the automated renewal path expires.,4,3,12,Availability,Group Head of Fraud,Corporate IT,R. Delacroix,2025-08-24,Mitigate,Automated renewal for 80% of endpoints; alerting at 14 days.,1.1,4.3,8500,65500
RR-089,Certificate expiry takes a customer-facing service offline,A certificate outside the automated renewal path expires.,5,2,6,Availability,Head of Technology Risk,Payments,A. Okafor,2025-01-06,Mitigate,Automated renewal for 80% of endpoints; alerting at 14 days.,1.1,4.4,19500,146500
RR-090,Certificate expiry takes a customer-facing service offline,A certificate outside the automated renewal path expires.,3,3,9,Availability,Data Protection Officer,Data Platform,T. Novak,2025-09-25,Mitigate,Automated renewal for 80% of endpoints; alerting at 14 days.,1.7,7,10500,80500
RR-091,Volumetric denial of service against the public edge,Sustained traffic exceeds the contracted scrubbing capacity.,3,3,9,Availability,Head of Payments Operations,Digital Channels,S. Banerjee,2025-08-07,Transfer,Provider scrubbing to a contracted ceiling.,,,,
RR-092,Volumetric denial of service against the public edge,Sustained traffic exceeds the contracted scrubbing capacity.,3,3,9,Availability,Head of Technology Risk,Payments,M. Reyes,2025-09-22,Transfer,Provider scrubbing to a contracted ceiling.,,,,
RR-093,Change to a shared platform component halts batch settlement,A library upgrade changes behaviour under load and the overnight run does not complete.,3,,9,Availability,Head of Infrastructure,Payments,M. Reyes,10/09/2025,Mitigate,Staged rollout; rollback tested.,,,,
RR-094,Change to a shared platform component halts batch settlement,A library upgrade changes behaviour under load and the overnight run does not complete.,2,4,8,Availability,Data Protection Officer,Platform Engineering,J. Lindqvist,11/01/2025,Mitigate,Staged rollout; rollback tested.,,,,
RR-095,Privileged insider alters transaction records,An administrator with database access modifies records and the change is not detectable.,1,5,5,Insider,Head of Payments Operations,Payments,M. Reyes,2025-05-09,Mitigate,Privileged session recording in one environment.,,,,
RR-096,Privileged insider alters transaction records,An administrator with database access modifies records and the change is not detectable.,1,5,5,Insider,Director of Engineering,Retail Banking,S. Banerjee,2025-03-06,Mitigate,Privileged session recording in one environment.,,,,
RR-097,Privileged insider alters transaction records,An administrator with database access modifies records and the change is not detectable.,1,5,4.5,Insider,Head of Customer Operations,Group Security,A. Okafor,2025-02-19,Mitigate,Privileged session recording in one environment.,,,,
RR-098,Support agent views records outside a service interaction,Case tooling permits broad search without a purpose being recorded.,4,2,8,Insider,Group Head of Fraud,Customer Operations,R. Delacroix,2025-08-25,Mitigate,Post-hoc sampling of 1% of searches.,6.9,35,2000,33500
RR-099,Support agent views records outside a service interaction,Case tooling permits broad search without a purpose being recorded.,5,2,10,Insider,Head of Infrastructure,Retail Banking,A. Okafor,2025-09-05,Mitigate,Post-hoc sampling of 1% of searches.,4.2,21,1500,20000
RR-100,Authorised push payment fraud against retail customers,Customers are induced to transfer funds to an account controlled by the fraudster.,5,4,20,Payment fraud,Director of Engineering,Retail Banking,S. Banerjee,2025-07-08,Mitigate,Confirmation of payee; behavioural warnings at initiation.,30,118,3000,18000
RR-101,Authorised push payment fraud against retail customers,Customers are induced to transfer funds to an account controlled by the fraudster.,4,4,16,Payment fraud,Chief Information Security Officer,Payments,M. Reyes,2025-04-11,Mitigate,Confirmation of payee; behavioural warnings at initiation.,92,368,2500,16500
RR-102,Authorised push payment fraud against retail customers,Customers are induced to transfer funds to an account controlled by the fraudster.,5,3,15,Payment fraud,Group Head of Fraud,Digital Channels,,2025-08-07,Mitigate,Confirmation of payee; behavioural warnings at initiation.,49,196,5000,33000
RR-103,Merchant account takeover redirects settlement,Settlement details are changed after a takeover of the merchant portal.,3,5,15,Payment fraud,Group Head of Fraud,Payments,M. Reyes,2025-06-24,Mitigate,Out-of-band confirmation on bank detail changes.,1.4,7,180500,1403500
RR-104,Internal payment approval control bypassed by a shared account,Dual authorisation is defeated because two approvers share a credential.,3,5,15,Payment fraud,Group Head of Fraud,Payments,A. Okafor,2025-03-17,Mitigate,Segregation of duties policy; no technical enforcement.,,,,
RR-105,Internal payment approval control bypassed by a shared account,Dual authorisation is defeated because two approvers share a credential.,3,4,12,Payment fraud,Group Head of Fraud,Corporate IT,A. Okafor,2025-05-10,Mitigate,Segregation of duties policy; no technical enforcement.,,,,
RR-106,Regulatory penalty following a sustained control failure,A control reported as effective is found to have been ineffective across a reporting period.,5,5,25,Regulatory,Head of Payments Operations,Group Security,A. Okafor,2025-06-09,Mitigate,Annual attestation; internal audit on a three-year cycle.,0.032,0.13,255500,767000
RR-107,Regulatory penalty following a sustained control failure,A control reported as effective is found to have been ineffective across a reporting period.,5,4,20,Regulatory,Head of Infrastructure,Retail Banking,S. Banerjee,2025-07-07,Mitigate,Annual attestation; internal audit on a three-year cycle.,0.031,0.12,533000,1599000
RR-108,Breach notification deadline missed for a reportable incident,A 72-hour notification window is missed because severity is assessed late.,3,3,9,Regulatory,Head of Technology Risk,Group Security,A. Okafor,2025-08-01,Mitigate,Incident severity guide; on-call legal rota.,,,,
RR-109,Breach notification deadline missed for a reportable incident,A 72-hour notification window is missed because severity is assessed late.,2,3,6,Regulatory,Head of Infrastructure,Customer Operations,R. Delacroix,2025-07-06,Mitigate,Incident severity guide; on-call legal rota.,,,,
RR-110,Data transfer to a jurisdiction without an adequacy basis,A new processing location is adopted before the transfer basis is documented.,2,4,8,Regulatory,Group Head of Fraud,Data Platform,T. Novak,2025-03-07,Mitigate,Privacy review on new suppliers.,,,,
RR-111,,A new processing location is adopted before the transfer basis is documented.,2,3,6,Regulatory,Chief Information Security Officer,Customer Operations,R. Delacroix,2025-08-04,Mitigate,Privacy review on new suppliers.,,,,
RR-112,Unpatched internet-facing appliance exploited,A known exploited vulnerability in an edge appliance is not remediated inside the window.,2,4,8,Vulnerability management,Group Head of Fraud,Platform Engineering,J. Lindqvist,2025-03-19,Mitigate,Monthly patch cycle; emergency process for known exploited vulnerabilities.,1,4.1,213500,2133500
RR-113,Unpatched internet-facing appliance exploited,A known exploited vulnerability in an edge appliance is not remediated inside the window.,4,5,20,Vulnerability management,Head of Infrastructure,Corporate IT,A. Okafor,2025-07-12,Mitigate,Monthly patch cycle; emergency process for known exploited vulnerabilities.,0.38,1.5,305000,3048000
RR-114,Unpatched internet-facing appliance exploited,A known exploited vulnerability in an edge appliance is not remediated inside the window.,4,4,16,Vulnerability management,Director of Engineering,Group Security,A. Okafor,16/06/2025,Mitigate,Monthly patch cycle; emergency process for known exploited vulnerabilities.,1.1,4.4,285500,2855500
RR-115,End-of-life operating system remains in the payment estate,A host that cannot be upgraded remains in scope for the card environment.,3,4,12,Vulnerability management,Group Head of Fraud,Payments,A. Okafor,2025-05-25,Accept,Compensating network controls; annual exception.,,,,
RR-116,End-of-life operating system remains in the payment estate,A host that cannot be upgraded remains in scope for the card environment.,4,4,16,Vulnerability management,Group Head of Fraud,Corporate IT,R. Delacroix,25/09/2025,Accept,Compensating network controls; annual exception.,,,,
RR-117,Vulnerability remediation exceeds the agreed window,High-severity findings routinely remain open past the policy window.,5,2,10,Vulnerability management,Head of Infrastructure,Platform Engineering,A. Okafor,24/09/2025,Mitigate,Monthly reporting to the risk committee.,8.1,40,1500,25000
RR-118,Vulnerability remediation exceeds the agreed window,High-severity findings routinely remain open past the policy window.,5,2,10,Vulnerability management,Group Head of Fraud,Corporate IT,R. Delacroix,07/07/2025,Mitigate,Monthly reporting to the risk committee.,16,82,1000,20000
RR-119,Vulnerability remediation exceeds the agreed window,High-severity findings routinely remain open past the policy window.,4,2,8,Vulnerability management,Head of Technology Risk,Digital Channels,S. Banerjee,2025-03-25,Mitigate,Monthly reporting to the risk committee.,13,65,2000,29500
RR-120,Unmanaged device connects to an internal network segment,A contractor device joins a segment with access to internal services.,5,2,10,Vulnerability management,Group Head of Fraud,Corporate IT,A. Okafor,2025-07-21,Mitigate,Network access control in two of nine offices.,,,,
RR-121,Security telemetry gap in a critical estate,"A platform emits no usable telemetry, so an intrusion there would not be seen.",5,4,20,Detection & response,Head of Payments Operations,Data Platform,T. Novak,2025-06-26,Mitigate,Log forwarding configured elsewhere.,,,,
RR-122,Security telemetry gap in a critical estate,"A platform emits no usable telemetry, so an intrusion there would not be seen.",3,3,9,Detection & response,Head of Infrastructure,Platform Engineering,J. Lindqvist,2025-05-02,Mitigate,Log forwarding configured elsewhere.,,,,
RR-123,Security telemetry gap in a critical estate,"A platform emits no usable telemetry, so an intrusion there would not be seen.",5,3,15,Detection & response,Head of Customer Operations,Group Security,A. Okafor,2025-07-10,Mitigate,Log forwarding configured elsewhere.,,,,
RR-124,Out-of-hours incident response depends on a single person,One named individual holds the knowledge to contain a major incident overnight.,3,3,9,Detection & response,Data Protection Officer,Group Security,A. Okafor,2025-02-24,Mitigate,On-call rota; no documented runbook for the critical path.,,,,
RR-125,Out-of-hours incident response depends on a single person,One named individual holds the knowledge to contain a major incident overnight.,2,4,8,Detection & response,Director of Engineering,Platform Engineering,J. Lindqvist,2025-01-19,Mitigate,On-call rota; no documented runbook for the critical path.,,,,
RR-126,Detection rules not maintained after a platform migration,Rules reference fields that no longer exist and fire on nothing.,5,3,15,Detection & response,Head of Technology Risk,Group Security,A. Okafor,2025-05-15,Mitigate,"Quarterly rule review, last completed nine months ago.",,,,
